extract,extract_label,type,records,file
Document.document_version__sys,Document Version,updates,0,
Document.document_version__sys,Document Version,deletes,0,
Metadata.metadata,Metadata,updates,0,
Metadata.metadata,Metadata,deletes,0,
Object.abcd__c,abcd,updates,0,
Object.abcd__c,abcd,deletes,0,
Object.activity__v,Activity,updates,0,
Object.activity__v,Activity,deletes,0,
Object.addedfortesting__c,addedForTesting,updates,0,
Object.addedfortesting__c,addedForTesting,deletes,0,
Object.agency_unit_of_measurement__v,Agency Unit of Measurement,updates,0,
Object.agency_unit_of_measurement__v,Agency Unit of Measurement,deletes,0,
Object.aggregate_report__v,Aggregate Report,updates,0,
Object.aggregate_report__v,Aggregate Report,deletes,0,
Object.aggregate_report_case__v,Aggregate Report Case,updates,0,
Object.aggregate_report_case__v,Aggregate Report Case,deletes,0,
Object.aggregate_report_country__v,Aggregate Report Country,updates,0,
Object.aggregate_report_country__v,Aggregate Report Country,deletes,0,
Object.aggregate_report_destination__v,Aggregate Report Destination,updates,0,
Object.aggregate_report_destination__v,Aggregate Report Destination,deletes,0,
Object.aggregate_report_intervals__v,Aggregate Report Interval,updates,0,
Object.aggregate_report_intervals__v,Aggregate Report Interval,deletes,0,
Object.aggregate_report_task__v,Aggregate Report Section,updates,0,
Object.aggregate_report_task__v,Aggregate Report Section,deletes,0,
Object.aggregate_report_template__v,Aggregate Report Template,updates,0,
Object.aggregate_report_template__v,Aggregate Report Template,deletes,0,
Object.aggregate_report_template_item__v,Aggregate Report Template Item,updates,0,
Object.aggregate_report_template_item__v,Aggregate Report Template Item,deletes,0,
Object.aggregate_reporting_group__v,Aggregate Reporting Group,updates,0,
Object.aggregate_reporting_group__v,Aggregate Reporting Group,deletes,0,
Object.annotation_keyword_targets__sys,Claim Targets,updates,0,
Object.annotation_keyword_targets__sys,Claim Targets,deletes,0,
Object.annotation_keywords__sys,Claim,updates,0,
Object.annotation_keywords__sys,Claim,deletes,0,
Object.answer_library_design__sys,Answer Library Design,updates,0,
Object.answer_library_design__sys,Answer Library Design,deletes,0,
Object.application_managed_user__v,Application Managed User,updates,0,
Object.application_managed_user__v,Application Managed User,deletes,0,
Object.application_role__v,Application Role,updates,0,
Object.application_role__v,Application Role,deletes,0,
Object.automation_task__v,Automation Task,updates,0,
Object.automation_task__v,Automation Task,deletes,0,
Object.available_answer__sys,Available Answer,updates,0,
Object.available_answer__sys,Available Answer,deletes,0,
Object.available_answer_design__sys,Available Answer Design,updates,0,
Object.available_answer_design__sys,Available Answer Design,deletes,0,
Object.batch__v,Batch,updates,0,
Object.batch__v,Batch,deletes,0,
Object.binder_metadata__v,Binder Section Metadata,updates,0,
Object.binder_metadata__v,Binder Section Metadata,deletes,0,
Object.case1__c,Case1,updates,0,
Object.case1__c,Case1,deletes,0,
Object.case_access_group__v,Case Access Group,updates,0,
Object.case_access_group__v,Case Access Group,deletes,0,
Object.case_access_group_assignment__v,Case Access Group Assignment,updates,0,
Object.case_access_group_assignment__v,Case Access Group Assignment,deletes,0,
Object.case_adverse_event__v,Case Adverse Event,updates,0,
Object.case_adverse_event__v,Case Adverse Event,deletes,0,
Object.case_assessment__v,Case Assessment,updates,0,
Object.case_assessment__v,Case Assessment,deletes,0,
Object.case_assessment_expectedness__v,Case Assessment Expectedness,updates,0,
Object.case_assessment_expectedness__v,Case Assessment Expectedness,deletes,0,
Object.case_assessment_result__v,Case Assessment Result,updates,0,
Object.case_assessment_result__v,Case Assessment Result,deletes,0,
Object.case_assignment_team__v,Case Assignment Team,updates,0,
Object.case_assignment_team__v,Case Assignment Team,deletes,0,
Object.case_cause_of_death__v,Case Cause of Death,updates,0,
Object.case_cause_of_death__v,Case Cause of Death,deletes,0,
Object.case_checklist_rule_assignments__v,Case Checklist Rule Assignment,updates,0,
Object.case_checklist_rule_assignments__v,Case Checklist Rule Assignment,deletes,0,
Object.case_collection__v,Case Collection,updates,0,
Object.case_collection__v,Case Collection,deletes,0,
Object.case_collection_case_number__v,Case Collection-Case Number,updates,0,
Object.case_collection_case_number__v,Case Collection-Case Number,deletes,0,
Object.case_contact__v,Case Contact,updates,0,
Object.case_contact__v,Case Contact,deletes,0,
Object.case_diagnosis__v,Case Diagnosis,updates,0,
Object.case_diagnosis__v,Case Diagnosis,deletes,0,
Object.case_drug_history__v,Case Drug History,updates,0,
Object.case_drug_history__v,Case Drug History,deletes,0,
Object.case_drug_history_substance__v,Case Drug History Substance,updates,0,
Object.case_drug_history_substance__v,Case Drug History Substance,deletes,0,
Object.case_identifier__v,Case Identifier,updates,0,
Object.case_identifier__v,Case Identifier,deletes,0,
Object.case_medical_history__v,Case Medical History,updates,0,
Object.case_medical_history__v,Case Medical History,deletes,0,
Object.case_number__v,Case Number,updates,0,
Object.case_number__v,Case Number,deletes,0,
Object.case_processing_user__v,Case Processing User,updates,0,
Object.case_processing_user__v,Case Processing User,deletes,0,
Object.case_product__v,Case Product,updates,0,
Object.case_product__v,Case Product,deletes,0,
Object.case_product_device_code__v,Case Product Device Code,updates,0,
Object.case_product_device_code__v,Case Product Device Code,deletes,0,
Object.case_product_dosage__v,Case Product Dosage,updates,0,
Object.case_product_dosage__v,Case Product Dosage,deletes,0,
Object.case_product_indication__v,Case Product Indication,updates,0,
Object.case_product_indication__v,Case Product Indication,deletes,0,
Object.case_product_registration__v,Case Product Registration,updates,0,
Object.case_product_registration__v,Case Product Registration,deletes,0,
Object.case_product_substance__v,Case Product Substance,updates,0,
Object.case_product_substance__v,Case Product Substance,deletes,0,
Object.case_relationship__v,Case Relationship,updates,0,
Object.case_relationship__v,Case Relationship,deletes,0,
Object.case_study_registration__v,Case Study Registration,updates,0,
Object.case_study_registration__v,Case Study Registration,deletes,0,
Object.case_test_result__v,Case Test Result,updates,0,
Object.case_test_result__v,Case Test Result,deletes,0,
Object.case_user_assignment_activity__v,Case User Assignment Activity,updates,0,
Object.case_user_assignment_activity__v,Case User Assignment Activity,deletes,0,
Object.case_version__v,Case,updates,0,
Object.case_version__v,Case,deletes,0,
Object.case_version_available_answer__sys,Case Available Answer,updates,0,
Object.case_version_available_answer__sys,Case Available Answer,deletes,0,
Object.case_version_checklist__sys,Case Checklist,updates,0,
Object.case_version_checklist__sys,Case Checklist,deletes,0,
Object.case_version_dependency__sys,Case Dependency,updates,0,
Object.case_version_dependency__sys,Case Dependency,deletes,0,
Object.case_version_response__sys,Case Response,updates,0,
Object.case_version_response__sys,Case Response,deletes,0,
Object.case_version_response_doc__sys,Case Response-Doc,updates,0,
Object.case_version_response_doc__sys,Case Response-Doc,deletes,0,
Object.case_version_response_ref_doc__sys,Case Response-Ref-Doc,updates,0,
Object.case_version_response_ref_doc__sys,Case Response-Ref-Doc,deletes,0,
Object.case_version_section__sys,Case Section,updates,0,
Object.case_version_section__sys,Case Section,deletes,0,
Object.case_version_sig__sys,Case Signature,updates,0,
Object.case_version_sig__sys,Case Signature,deletes,0,
Object.case_version_subchecklist__sys,Case Sub-checklist,updates,0,
Object.case_version_subchecklist__sys,Case Sub-checklist,deletes,0,
Object.case_volume_metrics__v,Case Volume Metrics,updates,1,Object/case_volume_metrics__v.csv
Object.case_volume_metrics__v,Case Volume Metrics,deletes,0,
Object.casecase__c,case,updates,0,
Object.casecase__c,case,deletes,0,
Object.cdms_subject_adverse_event__v,CDMS Subject Adverse Event,updates,0,
Object.cdms_subject_adverse_event__v,CDMS Subject Adverse Event,deletes,0,
Object.cdms_subject_case_product__v,CDMS Subject Case Product,updates,0,
Object.cdms_subject_case_product__v,CDMS Subject Case Product,deletes,0,
Object.cdms_subject_case_product_dosage__v,CDMS Subject Case Product Dosage,updates,0,
Object.cdms_subject_case_product_dosage__v,CDMS Subject Case Product Dosage,deletes,0,
Object.cdms_subject_cause_of_death__v,CDMS Subject Cause of Death,updates,0,
Object.cdms_subject_cause_of_death__v,CDMS Subject Cause of Death,deletes,0,
Object.cdms_subject_drug_history__v,CDMS Subject Drug History,updates,0,
Object.cdms_subject_drug_history__v,CDMS Subject Drug History,deletes,0,
Object.cdms_subject_event_product_assessment__v,CDMS Subject Event Product Assessments,updates,0,
Object.cdms_subject_event_product_assessment__v,CDMS Subject Event Product Assessments,deletes,0,
Object.cdms_subject_height_history__v,CDMS Subject Height History,updates,0,
Object.cdms_subject_height_history__v,CDMS Subject Height History,deletes,0,
Object.cdms_subject_information__v,CDMS Subject Information,updates,0,
Object.cdms_subject_information__v,CDMS Subject Information,deletes,0,
Object.cdms_subject_last_menstruations__v,CDMS Subject Last Menstruations,updates,0,
Object.cdms_subject_last_menstruations__v,CDMS Subject Last Menstruations,deletes,0,
Object.cdms_subject_links__v,CDMS Subject Links,updates,0,
Object.cdms_subject_links__v,CDMS Subject Links,deletes,0,
Object.cdms_subject_medical_history__v,CDMS Subject Medical History,updates,0,
Object.cdms_subject_medical_history__v,CDMS Subject Medical History,deletes,0,
Object.cdms_subject_pregnancy_information__v,CDMS Subject Pregnancy Information,updates,0,
Object.cdms_subject_pregnancy_information__v,CDMS Subject Pregnancy Information,deletes,0,
Object.cdms_subject_test_results__v,CDMS Subject Test Results,updates,0,
Object.cdms_subject_test_results__v,CDMS Subject Test Results,deletes,0,
Object.cdms_subject_weight_history__v,CDMS Subject Weight History,updates,0,
Object.cdms_subject_weight_history__v,CDMS Subject Weight History,deletes,0,
Object.cdn_distribution_status__v,CDN Distribution Status,updates,0,
Object.cdn_distribution_status__v,CDN Distribution Status,deletes,0,
Object.channel_usage__v,Channel Usage,updates,0,
Object.channel_usage__v,Channel Usage,deletes,0,
Object.checklist__sys,Checklist,updates,0,
Object.checklist__sys,Checklist,deletes,0,
Object.checklist_creation_rule__v,Checklist Creation Rule,updates,0,
Object.checklist_creation_rule__v,Checklist Creation Rule,deletes,0,
Object.checklist_creation_rule_criteria__v,Checklist Creation Rule Criteria,updates,0,
Object.checklist_creation_rule_criteria__v,Checklist Creation Rule Criteria,deletes,0,
Object.checklist_design__sys,Checklist Design,updates,0,
Object.checklist_design__sys,Checklist Design,deletes,0,
Object.checklist_design_master__sys,Checklist Design Master,updates,0,
Object.checklist_design_master__sys,Checklist Design Master,deletes,0,
Object.checklist_design_translation__sys,Checklist Design Translation,updates,0,
Object.checklist_design_translation__sys,Checklist Design Translation,deletes,0,
Object.checklist_field_translation__sys,Checklist Field Translation,updates,0,
Object.checklist_field_translation__sys,Checklist Field Translation,deletes,0,
Object.clinical_outbound_event__v,Clinical Outbound Event,updates,0,
Object.clinical_outbound_event__v,Clinical Outbound Event,deletes,0,
Object.connection__sys,Connection,updates,0,
Object.connection__sys,Connection,deletes,0,
Object.connection_allowed_list__v,Connection Allowed List,updates,0,
Object.connection_allowed_list__v,Connection Allowed List,deletes,0,
Object.connection_authorization__sys,Connection Authorization,updates,0,
Object.connection_authorization__sys,Connection Authorization,deletes,0,
Object.connection_backed_crosslink__sys,Connection Backed Crosslink,updates,0,
Object.connection_backed_crosslink__sys,Connection Backed Crosslink,deletes,0,
Object.connection_client__sys,Connection Client,updates,0,
Object.connection_client__sys,Connection Client,deletes,0,
Object.connection_stats__sys,Connection Stats,updates,0,
Object.connection_stats__sys,Connection Stats,deletes,0,
Object.controlled_vocabulary__v,Controlled Vocabulary,updates,0,
Object.controlled_vocabulary__v,Controlled Vocabulary,deletes,0,
Object.core_rmp__v,Core Risk Management Plan,updates,0,
Object.core_rmp__v,Core Risk Management Plan,deletes,0,
Object.core_rmp_version__v,Core Risk Management Plan Version,updates,0,
Object.core_rmp_version__v,Core Risk Management Plan Version,deletes,0,
Object.country__v,Country,updates,0,
Object.country__v,Country,deletes,0,
Object.country_state_province__v,Country State / Province,updates,0,
Object.country_state_province__v,Country State / Province,deletes,0,
Object.crosslink_source_event__sys,Crosslink Source Event,updates,0,
Object.crosslink_source_event__sys,Crosslink Source Event,deletes,0,
Object.currency__sys,Currency,updates,0,
Object.currency__sys,Currency,deletes,0,
Object.custom_ash__c,Custom ASH,updates,0,
Object.custom_ash__c,Custom ASH,deletes,0,
Object.custom_cv__c,custom_cv,updates,0,
Object.custom_cv__c,custom_cv,deletes,0,
Object.custom_object__c,custom_object,updates,0,
Object.custom_object__c,custom_object,deletes,0,
Object.custom_object_ch__c,custom_object_ch,updates,0,
Object.custom_object_ch__c,custom_object_ch,deletes,0,
Object.custom_object_for_testing__c,custom_object _for_testing,updates,0,
Object.custom_object_for_testing__c,custom_object _for_testing,deletes,0,
Object.custom_object_vi__c,custom_object_vi,updates,0,
Object.custom_object_vi__c,custom_object_vi,deletes,0,
Object.custom_object_vi_sig__sys,custom_object_vi Signature,updates,0,
Object.custom_object_vi_sig__sys,custom_object_vi Signature,deletes,0,
Object.custom_object_vishal__c,custom_object_vishal,updates,0,
Object.custom_object_vishal__c,custom_object_vishal,deletes,0,
Object.custom_sample__c,custom sample,updates,0,
Object.custom_sample__c,custom sample,deletes,0,
Object.custom_temp__c,custom_temp,updates,0,
Object.custom_temp__c,custom_temp,deletes,0,
Object.custom_user_jeev__c,custom,updates,0,
Object.custom_user_jeev__c,custom,deletes,0,
Object.customj_jeev__c,Customj,updates,0,
Object.customj_jeev__c,Customj,deletes,0,
Object.cvc__c,cvc,updates,0,
Object.cvc__c,cvc,deletes,0,
Object.datalake_transfer_log__v,DataLake Transfer Log,updates,0,
Object.datalake_transfer_log__v,DataLake Transfer Log,deletes,0,
Object.dataset__sys,Dataset,updates,0,
Object.dataset__sys,Dataset,deletes,0,
Object.dataset_item__sys,Dataset Item,updates,0,
Object.dataset_item__sys,Dataset Item,deletes,0,
Object.datasheet__v,Datasheet,updates,0,
Object.datasheet__v,Datasheet,deletes,0,
Object.datasheet_meddra_query__v,Datasheet MedDRA Query,updates,0,
Object.datasheet_meddra_query__v,Datasheet MedDRA Query,deletes,0,
Object.dcba__c,dcba,updates,0,
Object.dcba__c,dcba,deletes,0,
Object.dec__c,dec,updates,0,
Object.dec__c,dec,deletes,0,
Object.dependency__sys,Dependency,updates,0,
Object.dependency__sys,Dependency,deletes,0,
Object.dependency_design__sys,Dependency Design,updates,0,
Object.dependency_design__sys,Dependency Design,deletes,0,
Object.design_country__v,Design Country,updates,0,
Object.design_country__v,Design Country,deletes,0,
Object.design_watchlist__v,Design Watchlist,updates,0,
Object.design_watchlist__v,Design Watchlist,deletes,0,
Object.destination_specific_document_inclusion__v,Destination Specific Document Inclusion,updates,0,
Object.destination_specific_document_inclusion__v,Destination Specific Document Inclusion,deletes,0,
Object.detect_change__c,detect change,updates,0,
Object.detect_change__c,detect change,deletes,0,
Object.device_code__v,Device Code,updates,0,
Object.device_code__v,Device Code,deletes,0,
Object.dictionary__v,Dictionary,updates,0,
Object.dictionary__v,Dictionary,deletes,0,
Object.dictionary_bulk_action__v,Dictionary Bulk Action,updates,0,
Object.dictionary_bulk_action__v,Dictionary Bulk Action,deletes,0,
Object.distribution_jurisdiction__v,Distribution Jurisdiction,updates,0,
Object.distribution_jurisdiction__v,Distribution Jurisdiction,deletes,0,
Object.doc_lifecycle_stage_label__sys,Document Lifecycle Stage Label,updates,0,
Object.doc_lifecycle_stage_label__sys,Document Lifecycle Stage Label,deletes,0,
Object.doc_lifecycle_state_stage__sys,Document Lifecycle State-Stage,updates,0,
Object.doc_lifecycle_state_stage__sys,Document Lifecycle State-Stage,deletes,0,
Object.doc_type_detail__v,Document Type Detail,updates,0,
Object.doc_type_detail__v,Document Type Detail,deletes,0,
Object.doc_type_group__v,Document Type Group,updates,0,
Object.doc_type_group__v,Document Type Group,deletes,0,
Object.doc_type_group_detail__v,Document Type Group Detail,updates,0,
Object.doc_type_group_detail__v,Document Type Group Detail,deletes,0,
Object.document_usage__v,Document Usage,updates,0,
Object.document_usage__v,Document Usage,deletes,0,
Object.dose_form__v,Dose Form,updates,0,
Object.dose_form__v,Dose Form,deletes,0,
Object.edl__v,EDL,updates,0,
Object.edl__v,EDL,deletes,0,
Object.edl_item__v,EDL Item,updates,0,
Object.edl_item__v,EDL Item,deletes,0,
Object.edl_item_template__v,EDL Item Template,updates,0,
Object.edl_item_template__v,EDL Item Template,deletes,0,
Object.edl_template__v,EDL Template,updates,0,
Object.edl_template__v,EDL Template,deletes,0,
Object.edqm__v,EDQM,updates,0,
Object.edqm__v,EDQM,deletes,0,
Object.edqm_mapping__v,EDQM Mapping,updates,0,
Object.edqm_mapping__v,EDQM Mapping,deletes,0,
Object.email__sys,Email,updates,0,
Object.email__sys,Email,deletes,0,
Object.email_destination__v,Email Destination,updates,0,
Object.email_destination__v,Email Destination,deletes,0,
Object.emailed_document__sys,Emailed Document,updates,0,
Object.emailed_document__sys,Emailed Document,deletes,0,
Object.enddate__c,EndDate,updates,0,
Object.enddate__c,EndDate,deletes,0,
Object.envelope__sys,Envelope,updates,0,
Object.envelope__sys,Envelope,deletes,0,
Object.envelope_content__sys,Envelope Content,updates,0,
Object.envelope_content__sys,Envelope Content,deletes,0,
Object.evdas_ermr_data__v,EVDAS eRMR Data,updates,0,
Object.evdas_ermr_data__v,EVDAS eRMR Data,deletes,0,
Object.evdas_ermr_data_line_listing__v,EVDAS eRMR Data Line Listing,updates,0,
Object.evdas_ermr_data_line_listing__v,EVDAS eRMR Data Line Listing,deletes,0,
Object.evdas_line_listing__v,EVDAS Line Listing,updates,0,
Object.evdas_line_listing__v,EVDAS Line Listing,deletes,0,
Object.event__c,Event,updates,0,
Object.event__c,Event,deletes,0,
Object.exception_item__sys,User Exception Item,updates,0,
Object.exception_item__sys,User Exception Item,deletes,0,
Object.exception_message__sys,User Exception Message,updates,0,
Object.exception_message__sys,User Exception Message,deletes,0,
Object.excluded_classification__sys,Excluded Classification,updates,0,
Object.excluded_classification__sys,Excluded Classification,deletes,0,
Object.external_url__sys,External Url,updates,0,
Object.external_url__sys,External Url,deletes,0,
Object.followup_questionnaire_rule__v,Follow-up Questionnaire Rule,updates,0,
Object.followup_questionnaire_rule__v,Follow-up Questionnaire Rule,deletes,0,
Object.followup_rule__v,Follow-Up Rule,updates,0,
Object.followup_rule__v,Follow-Up Rule,deletes,0,
Object.followup_rule_criteria__v,Follow-up Rule Criteria,updates,0,
Object.followup_rule_criteria__v,Follow-up Rule Criteria,deletes,0,
Object.followup_rule_design__v,Follow-up Rule Design,updates,0,
Object.followup_rule_design__v,Follow-up Rule Design,deletes,0,
Object.glossary_definition__sys,Glossary Definition,updates,0,
Object.glossary_definition__sys,Glossary Definition,deletes,0,
Object.glossary_event__sys,Glossary Event,updates,0,
Object.glossary_event__sys,Glossary Event,deletes,0,
Object.holiday__sys,Holiday,updates,0,
Object.holiday__sys,Holiday,deletes,0,
Object.holiday_schedule__sys,Holiday Schedule,updates,0,
Object.holiday_schedule__sys,Holiday Schedule,deletes,0,
Object.imdrf_device_code__v,IMDRF Device Code,updates,0,
Object.imdrf_device_code__v,IMDRF Device Code,deletes,0,
Object.import_code_mapping__v,Import Code Mapping,updates,0,
Object.import_code_mapping__v,Import Code Mapping,deletes,0,
Object.import_field_mapping__v,Import Field Mapping,updates,0,
Object.import_field_mapping__v,Import Field Mapping,deletes,0,
Object.inactive_ingredient__v,Inactive Ingredient,updates,0,
Object.inactive_ingredient__v,Inactive Ingredient,deletes,0,
Object.inactive_ingredient_registration__v,Inactive Ingredient Registration,updates,0,
Object.inactive_ingredient_registration__v,Inactive Ingredient Registration,deletes,0,
Object.inbound_validation_result__v,Inbound Validation Result,updates,0,
Object.inbound_validation_result__v,Inbound Validation Result,deletes,0,
Object.inbound_validation_rule__v,Inbound Validation Rule,updates,0,
Object.inbound_validation_rule__v,Inbound Validation Rule,deletes,0,
Object.inbox_item__v,Inbox Item,updates,0,
Object.inbox_item__v,Inbox Item,deletes,0,
Object.inbox_item_control__v,Inbox Item Control,updates,0,
Object.inbox_item_control__v,Inbox Item Control,deletes,0,
Object.inbox_item_translation__v,Inbox Item Translation,updates,0,
Object.inbox_item_translation__v,Inbox Item Translation,deletes,0,
Object.integration__sys,Integration,updates,0,
Object.integration__sys,Integration,deletes,0,
Object.integration_point__sys,Integration Point,updates,0,
Object.integration_point__sys,Integration Point,deletes,0,
Object.jraap_metadata_c__c,jraap_metadata__c,updates,0,
Object.jraap_metadata_c__c,jraap_metadata__c,deletes,0,
Object.jraap_transaction_log__c,jraap transaction log,updates,0,
Object.jraap_transaction_log__c,jraap transaction log,deletes,0,
Object.jraap_transaction_logger__c,Jraap transaction Logger,updates,0,
Object.jraap_transaction_logger__c,Jraap transaction Logger,deletes,0,
Object.jraap_vault_object__c,Jraap Vault Object,updates,0,
Object.jraap_vault_object__c,Jraap Vault Object,deletes,0,
Object.jvj__c,JVJ,updates,0,
Object.jvj__c,JVJ,deletes,0,
Object.language__sys,Language,updates,0,
Object.language__sys,Language,deletes,0,
Object.language_iso__v,Language (ISO),updates,0,
Object.language_iso__v,Language (ISO),deletes,0,
Object.language_locale__sys,Language Locale,updates,0,
Object.language_locale__sys,Language Locale,deletes,0,
Object.legalhold__v,Legal Hold,updates,0,
Object.legalhold__v,Legal Hold,deletes,0,
Object.legalhold_item__v,Legal Hold Item,updates,0,
Object.legalhold_item__v,Legal Hold Item,deletes,0,
Object.library_question__sys,Library Question,updates,0,
Object.library_question__sys,Library Question,deletes,0,
Object.library_question_reference_document__sys,Library Question Reference Document,updates,0,
Object.library_question_reference_document__sys,Library Question Reference Document,deletes,0,
Object.link_target__sys,Link Target,updates,0,
Object.link_target__sys,Link Target,deletes,0,
Object.literature_abstract_translation__v,Literature Abstract Translation,updates,0,
Object.literature_abstract_translation__v,Literature Abstract Translation,deletes,0,
Object.literature_additional_info__v,Literature Additional Info,updates,0,
Object.literature_additional_info__v,Literature Additional Info,deletes,0,
Object.literature_article__v,Literature Article,updates,0,
Object.literature_article__v,Literature Article,deletes,0,
Object.literature_article_author__v,Literature Author,updates,0,
Object.literature_article_author__v,Literature Author,deletes,0,
Object.literature_article_product__v,Literature Article Product,updates,0,
Object.literature_article_product__v,Literature Article Product,deletes,0,
Object.literature_data__v,Literature Data,updates,0,
Object.literature_data__v,Literature Data,deletes,0,
Object.literature_database__v,Literature Database,updates,0,
Object.literature_database__v,Literature Database,deletes,0,
Object.literature_highlighted_term__v,Literature Highlighted Term,updates,0,
Object.literature_highlighted_term__v,Literature Highlighted Term,deletes,0,
Object.literature_review__v,Literature Review,updates,0,
Object.literature_review__v,Literature Review,deletes,0,
Object.literature_search_group__v,Literature Search Group,updates,0,
Object.literature_search_group__v,Literature Search Group,deletes,0,
Object.literature_search_term__v,Literature Search Term,updates,0,
Object.literature_search_term__v,Literature Search Term,deletes,0,
Object.literature_standard_search_term__v,Literature Standard Search Term,updates,0,
Object.literature_standard_search_term__v,Literature Standard Search Term,deletes,0,
Object.local_reporting_details__v,Local Reporting Details,updates,0,
Object.local_reporting_details__v,Local Reporting Details,deletes,0,
Object.local_reporting_details_product_join__v,Local Reporting Details/Product Join,updates,0,
Object.local_reporting_details_product_join__v,Local Reporting Details/Product Join,deletes,0,
Object.local_rmp__v,Local Risk Management Plan,updates,0,
Object.local_rmp__v,Local Risk Management Plan,deletes,0,
Object.local_rmp_risk__v,Local RMP Risk,updates,0,
Object.local_rmp_risk__v,Local RMP Risk,deletes,0,
Object.local_rmp_version__v,Local Risk Management Plan Version,updates,0,
Object.local_rmp_version__v,Local Risk Management Plan Version,deletes,0,
Object.locale__sys,Locale,updates,0,
Object.locale__sys,Locale,deletes,0,
Object.localization__v,Localization,updates,0,
Object.localization__v,Localization,deletes,0,
Object.localized_case__c,Localized Case,updates,0,
Object.localized_case__c,Localized Case,deletes,0,
Object.localized_case__v,Localized Case,updates,0,
Object.localized_case__v,Localized Case,deletes,0,
Object.localized_case_adverse_event__v,Localized Case Adverse Event,updates,0,
Object.localized_case_adverse_event__v,Localized Case Adverse Event,deletes,0,
Object.localized_case_assessment__v,Localized Case Assessment,updates,0,
Object.localized_case_assessment__v,Localized Case Assessment,deletes,0,
Object.localized_case_assessment_result__v,Localized Case Assessment Result,updates,0,
Object.localized_case_assessment_result__v,Localized Case Assessment Result,deletes,0,
Object.localized_case_cause_of_death__v,Localized Case Cause of Death,updates,0,
Object.localized_case_cause_of_death__v,Localized Case Cause of Death,deletes,0,
Object.localized_case_comment__v,Localized Case Comment,updates,0,
Object.localized_case_comment__v,Localized Case Comment,deletes,0,
Object.localized_case_contact__v,Localized Case Contact,updates,0,
Object.localized_case_contact__v,Localized Case Contact,deletes,0,
Object.localized_case_document__v,Localized Case Document,updates,0,
Object.localized_case_document__v,Localized Case Document,deletes,0,
Object.localized_case_drug_history__v,Localized Case Drug History,updates,0,
Object.localized_case_drug_history__v,Localized Case Drug History,deletes,0,
Object.localized_case_identifier__v,Localized Case Identifier,updates,0,
Object.localized_case_identifier__v,Localized Case Identifier,deletes,0,
Object.localized_case_medical_history__v,Localized Case Medical History,updates,0,
Object.localized_case_medical_history__v,Localized Case Medical History,deletes,0,
Object.localized_case_product__v,Localized Case Product,updates,0,
Object.localized_case_product__v,Localized Case Product,deletes,0,
Object.localized_case_product_device_code__v,Localized Case Product Device Code,updates,0,
Object.localized_case_product_device_code__v,Localized Case Product Device Code,deletes,0,
Object.localized_case_product_dosage__v,Localized Case Product Dosage,updates,0,
Object.localized_case_product_dosage__v,Localized Case Product Dosage,deletes,0,
Object.localized_case_product_indication__v,Localized Case Product Indication,updates,0,
Object.localized_case_product_indication__v,Localized Case Product Indication,deletes,0,
Object.localized_case_product_substance__v,Localized Case Product Substance,updates,0,
Object.localized_case_product_substance__v,Localized Case Product Substance,deletes,0,
Object.localized_case_test_result__v,Localized Case Test Result,updates,0,
Object.localized_case_test_result__v,Localized Case Test Result,deletes,0,
Object.localized_case_translation__v,Localized Case Translation,updates,0,
Object.localized_case_translation__v,Localized Case Translation,deletes,0,
Object.localized_controlled_vocabulary__v,Localized Controlled Vocabulary,updates,0,
Object.localized_controlled_vocabulary__v,Localized Controlled Vocabulary,deletes,0,
Object.localized_country__v,Localized Country,updates,0,
Object.localized_country__v,Localized Country,deletes,0,
Object.localized_country_state_province__v,Localized Country State/Province,updates,0,
Object.localized_country_state_province__v,Localized Country State/Province,deletes,0,
Object.localized_dose_form__v,Localized Dose Form,updates,0,
Object.localized_dose_form__v,Localized Dose Form,deletes,0,
Object.localized_organization__v,Localized Organization,updates,0,
Object.localized_organization__v,Localized Organization,deletes,0,
Object.localized_product__v,Localized Product,updates,0,
Object.localized_product__v,Localized Product,deletes,0,
Object.localized_reason_omitted__v,Localized Reason Omitted,updates,0,
Object.localized_reason_omitted__v,Localized Reason Omitted,deletes,0,
Object.localized_route_of_administration__v,Localized Route of Administration,updates,0,
Object.localized_route_of_administration__v,Localized Route of Administration,deletes,0,
Object.localized_study__v,Localized Study,updates,0,
Object.localized_study__v,Localized Study,deletes,0,
Object.localized_study_arm__v,Localized Study Arm,updates,0,
Object.localized_study_arm__v,Localized Study Arm,deletes,0,
Object.localized_substance__v,Localized Substance,updates,0,
Object.localized_substance__v,Localized Substance,deletes,0,
Object.localized_unit_of_measurement__v,Localized Unit of Measurement,updates,0,
Object.localized_unit_of_measurement__v,Localized Unit of Measurement,deletes,0,
Object.logo__c,Logo,updates,0,
Object.logo__c,Logo,deletes,0,
Object.market_segment__v,Market Segment,updates,0,
Object.market_segment__v,Market Segment,deletes,0,
Object.match_text_variation__sys,Match Text Variation,updates,0,
Object.match_text_variation__sys,Match Text Variation,deletes,0,
Object.matching_contents__v,Matching Contents,updates,0,
Object.matching_contents__v,Matching Contents,deletes,0,
Object.meddra__v,MedDRA,updates,0,
Object.meddra__v,MedDRA,deletes,0,
Object.meddra_coding_settings__v,MedDRA Coding Settings,updates,0,
Object.meddra_coding_settings__v,MedDRA Coding Settings,deletes,0,
Object.meddra_criteria__v,MedDRA Criteria,updates,0,
Object.meddra_criteria__v,MedDRA Criteria,deletes,0,
Object.meddra_join__v,MedDRA Join,updates,0,
Object.meddra_join__v,MedDRA Join,deletes,0,
Object.meddra_localized__v,MedDRA (Localized),updates,0,
Object.meddra_localized__v,MedDRA (Localized),deletes,0,
Object.meddra_query__v,MedDRA Query,updates,0,
Object.meddra_query__v,MedDRA Query,deletes,0,
Object.meddra_query_building_block__v,MedDRA Query Building Block,updates,0,
Object.meddra_query_building_block__v,MedDRA Query Building Block,deletes,0,
Object.meddra_synonym__v,MedDRA Synonym,updates,0,
Object.meddra_synonym__v,MedDRA Synonym,deletes,0,
Object.meddra_synonym_context__v,MedDRA Synonym Context,updates,0,
Object.meddra_synonym_context__v,MedDRA Synonym Context,deletes,0,
Object.meddra_version__v,MedDRA Version,updates,0,
Object.meddra_version__v,MedDRA Version,deletes,0,
Object.new_cust_object__c,new_cust_object,updates,0,
Object.new_cust_object__c,new_cust_object,deletes,0,
Object.newobjectfortesting__c,newobjectfortesting,updates,0,
Object.newobjectfortesting__c,newobjectfortesting,deletes,0,
Object.object_lifecycle_stage_label__sys,Object Lifecycle Stage Label,updates,0,
Object.object_lifecycle_stage_label__sys,Object Lifecycle Stage Label,deletes,0,
Object.object_lifecycle_state_stage__sys,Object Lifecycle State-Stage,updates,0,
Object.object_lifecycle_state_stage__sys,Object Lifecycle State-Stage,deletes,0,
Object.object_type__v,object_type__v,updates,0,
Object.object_type__v,object_type__v,deletes,0,
Object.office_edit_version__sys,Office Edit Version,updates,0,
Object.office_edit_version__sys,Office Edit Version,deletes,0,
Object.organization__v,Organization,updates,0,
Object.organization__v,Organization,deletes,0,
Object.outbound_package__v,Outbound Package,updates,0,
Object.outbound_package__v,Outbound Package,deletes,0,
Object.package_component__v,Package Component,updates,0,
Object.package_component__v,Package Component,deletes,0,
Object.package_dataset__sys,Package Dataset,updates,0,
Object.package_dataset__sys,Package Dataset,deletes,0,
Object.perf_stats__v,Performance Statistics,updates,0,
Object.perf_stats__v,Performance Statistics,deletes,0,
Object.permalink__sys,Permalink,updates,0,
Object.permalink__sys,Permalink,deletes,0,
Object.permission_set__sys,Permission Set,updates,0,
Object.permission_set__sys,Permission Set,deletes,0,
Object.person__sys,Person,updates,0,
Object.person__sys,Person,deletes,0,
Object.person_prior__sys,Prior Person,updates,0,
Object.person_prior__sys,Prior Person,deletes,0,
Object.prediction_metric__sys,Prediction Metric,updates,0,
Object.prediction_metric__sys,Prediction Metric,deletes,0,
Object.predictions__sys,Prediction,updates,0,
Object.predictions__sys,Prediction,deletes,0,
Object.pregnancyform__c,PregnancyForm,updates,0,
Object.pregnancyform__c,PregnancyForm,deletes,0,
Object.product__v,Product,updates,0,
Object.product__v,Product,deletes,0,
Object.product_alias__v,Product Alias,updates,0,
Object.product_alias__v,Product Alias,deletes,0,
Object.product_constituent__v,Product Constituent,updates,0,
Object.product_constituent__v,Product Constituent,deletes,0,
Object.product_event_combination__v,Product-Event Combination,updates,0,
Object.product_event_combination__v,Product-Event Combination,deletes,0,
Object.product_event_disposition__v,PEC Period,updates,0,
Object.product_event_disposition__v,PEC Period,deletes,0,
Object.product_family__v,Product Family,updates,0,
Object.product_family__v,Product Family,deletes,0,
Object.product_family_product__v,Product Family Product,updates,0,
Object.product_family_product__v,Product Family Product,deletes,0,
Object.product_family_substance__v,Product Family Substance,updates,0,
Object.product_family_substance__v,Product Family Substance,deletes,0,
Object.product_registration__v,Product Registration,updates,0,
Object.product_registration__v,Product Registration,deletes,0,
Object.product_substance__v,Product Substance,updates,0,
Object.product_substance__v,Product Substance,deletes,0,
Object.product_variant__v,Product Variant,updates,0,
Object.product_variant__v,Product Variant,deletes,0,
Object.psmf_document_review__v,PSMF Document Review,updates,0,
Object.psmf_document_review__v,PSMF Document Review,deletes,0,
Object.psmf_logbook__v,PSMF Logbook,updates,0,
Object.psmf_logbook__v,PSMF Logbook,deletes,0,
Object.psmf_logbook_entry__v,PSMF Logbook Entry,updates,0,
Object.psmf_logbook_entry__v,PSMF Logbook Entry,deletes,0,
Object.psmf_periodic_review__v,PSMF Periodic Review,updates,0,
Object.psmf_periodic_review__v,PSMF Periodic Review,deletes,0,
Object.pv_agreement__v,PV Agreement,updates,0,
Object.pv_agreement__v,PV Agreement,deletes,0,
Object.pv_agreement_sig__sys,PV Agreement Signature,updates,0,
Object.pv_agreement_sig__sys,PV Agreement Signature,deletes,0,
Object.pva_action_item__v,PVA Action Item,updates,0,
Object.pva_action_item__v,PVA Action Item,deletes,0,
Object.pva_activity__v,PVA Activity,updates,0,
Object.pva_activity__v,PVA Activity,deletes,0,
Object.pva_contact__v,PVA Contact,updates,0,
Object.pva_contact__v,PVA Contact,deletes,0,
Object.pva_country__v,PVA-Country,updates,0,
Object.pva_country__v,PVA-Country,deletes,0,
Object.pva_document_distribution__v,PVA Document for Distribution,updates,0,
Object.pva_document_distribution__v,PVA Document for Distribution,deletes,0,
Object.pva_document_distribution_event__v,PVA Document Distribution Event,updates,0,
Object.pva_document_distribution_event__v,PVA Document Distribution Event,deletes,0,
Object.pva_obligation__v,PVA Obligation,updates,0,
Object.pva_obligation__v,PVA Obligation,deletes,0,
Object.pva_product__v,PVA-Product,updates,0,
Object.pva_product__v,PVA-Product,deletes,0,
Object.pva_reconciliation__v,PVA Reconciliation,updates,0,
Object.pva_reconciliation__v,PVA Reconciliation,deletes,0,
Object.pva_relationship__v,Relationship,updates,0,
Object.pva_relationship__v,Relationship,deletes,0,
Object.pva_study__v,PVA-Study,updates,0,
Object.pva_study__v,PVA-Study,deletes,0,
Object.quality_outbound_event__v,Quality Outbound Event,updates,0,
Object.quality_outbound_event__v,Quality Outbound Event,deletes,0,
Object.question_design__sys,Question Design,updates,0,
Object.question_design__sys,Question Design,deletes,0,
Object.question_design_reference_document__sys,Question Design Reference Document,updates,0,
Object.question_design_reference_document__sys,Question Design Reference Document,deletes,0,
Object.question_field_mapping__v,Question Field Mapping,updates,0,
Object.question_field_mapping__v,Question Field Mapping,deletes,0,
Object.questionnaire_pal_context__v,Questionnaire PAL Context,updates,0,
Object.questionnaire_pal_context__v,Questionnaire PAL Context,deletes,0,
Object.raman_products__c,raman_products,updates,0,
Object.raman_products__c,raman_products,deletes,0,
Object.ramandoc__c,ramandoc,updates,0,
Object.ramandoc__c,ramandoc,deletes,0,
Object.ramantest__c,Ramantest,updates,0,
Object.ramantest__c,Ramantest,deletes,0,
Object.reason_omitted__v,Reason Omitted,updates,0,
Object.reason_omitted__v,Reason Omitted,deletes,0,
Object.reference_lookup__sys,Reference Lookup,updates,0,
Object.reference_lookup__sys,Reference Lookup,deletes,0,
Object.region__v,Region,updates,0,
Object.region__v,Region,deletes,0,
Object.rendition_profile__sys,Rendition Profile,updates,0,
Object.rendition_profile__sys,Rendition Profile,deletes,0,
Object.reporting_family__v,Reporting Family,updates,0,
Object.reporting_family__v,Reporting Family,deletes,0,
Object.reporting_family_member__v,Reporting Family Member,updates,0,
Object.reporting_family_member__v,Reporting Family Member,deletes,0,
Object.reporting_group_product_registration__v,Reporting Group Product Registration,updates,0,
Object.reporting_group_product_registration__v,Reporting Group Product Registration,deletes,0,
Object.reporting_group_study_registration__v,Reporting Group Study Registration,updates,0,
Object.reporting_group_study_registration__v,Reporting Group Study Registration,deletes,0,
Object.response__sys,Response,updates,0,
Object.response__sys,Response,deletes,0,
Object.rmp_core_implementation_strategy__v,RMP Core Implementation Strategy,updates,0,
Object.rmp_core_implementation_strategy__v,RMP Core Implementation Strategy,deletes,0,
Object.rmp_local_implementation_strategy__v,RMP Local Implementation Strategy,updates,0,
Object.rmp_local_implementation_strategy__v,RMP Local Implementation Strategy,deletes,0,
Object.rmp_risk__v,RMP Risk,updates,0,
Object.rmp_risk__v,RMP Risk,deletes,0,
Object.rmp_risk_measure__v,RMP Risk Measure,updates,0,
Object.rmp_risk_measure__v,RMP Risk Measure,deletes,0,
Object.rmp_risk_measure_tracking__v,RMP Risk Measure Tracking,updates,0,
Object.rmp_risk_measure_tracking__v,RMP Risk Measure Tracking,deletes,0,
Object.route_of_administration__v,Route of Administration,updates,0,
Object.route_of_administration__v,Route of Administration,deletes,0,
Object.safety_connector_origin_safety__v,Safety CDMS Outbound Event,updates,0,
Object.safety_connector_origin_safety__v,Safety CDMS Outbound Event,deletes,0,
Object.safety_investigation__v,Safety Investigation,updates,0,
Object.safety_investigation__v,Safety Investigation,deletes,0,
Object.safety_investigation_meddra_event__v,Safety Investigation MedDRA Event,updates,0,
Object.safety_investigation_meddra_event__v,Safety Investigation MedDRA Event,deletes,0,
Object.safety_investigation_reporting_period__v,Signal Reporting Period,updates,0,
Object.safety_investigation_reporting_period__v,Signal Reporting Period,deletes,0,
Object.safety_migration_configuration__v,Safety Migration Configuration,updates,0,
Object.safety_migration_configuration__v,Safety Migration Configuration,deletes,0,
Object.safety_rule__v,Safety Rule,updates,0,
Object.safety_rule__v,Safety Rule,deletes,0,
Object.safety_rule_function__v,Safety Rule Function,updates,0,
Object.safety_rule_function__v,Safety Rule Function,deletes,0,
Object.safety_rule_function_family__v,Safety Rule Function Family,updates,0,
Object.safety_rule_function_family__v,Safety Rule Function Family,deletes,0,
Object.safety_rule_parameter__v,Safety Rule Parameter,updates,0,
Object.safety_rule_parameter__v,Safety Rule Parameter,deletes,0,
Object.safety_rule_set__v,Safety Rule Set,updates,0,
Object.safety_rule_set__v,Safety Rule Set,deletes,0,
Object.safety_system_settings__v,Safety System Settings,updates,0,
Object.safety_system_settings__v,Safety System Settings,deletes,0,
Object.sample_object__c,sample object,updates,0,
Object.sample_object__c,sample object,deletes,0,
Object.schedule__v,Schedule,updates,0,
Object.schedule__v,Schedule,deletes,0,
Object.schedule_component__v,Schedule Component,updates,0,
Object.schedule_component__v,Schedule Component,deletes,0,
Object.schedule_recurrence__v,Schedule Recurrence,updates,0,
Object.schedule_recurrence__v,Schedule Recurrence,deletes,0,
Object.scheduled_data_export__sys,Scheduled Data Export,updates,0,
Object.scheduled_data_export__sys,Scheduled Data Export,deletes,0,
Object.scheduled_event__v,Scheduled Event,updates,0,
Object.scheduled_event__v,Scheduled Event,deletes,0,
Object.scheduler_exception__v,Scheduler Exception,updates,0,
Object.scheduler_exception__v,Scheduler Exception,deletes,0,
Object.section__sys,Section,updates,0,
Object.section__sys,Section,deletes,0,
Object.section_design__sys,Section Design,updates,0,
Object.section_design__sys,Section Design,deletes,0,
Object.security_policy__sys,Security Policy,updates,0,
Object.security_policy__sys,Security Policy,deletes,0,
Object.security_profile__sys,Security Profile,updates,0,
Object.security_profile__sys,Security Profile,deletes,0,
Object.sequential_number__v,Sequential Number,updates,0,
Object.sequential_number__v,Sequential Number,deletes,0,
Object.share_inbox_documents__sys,Share Inbox Document,updates,0,
Object.share_inbox_documents__sys,Share Inbox Document,deletes,0,
Object.si_available_answer__sys,SI Available Answer,updates,0,
Object.si_available_answer__sys,SI Available Answer,deletes,0,
Object.si_checklist__sys,SI Checklist,updates,0,
Object.si_checklist__sys,SI Checklist,deletes,0,
Object.si_dependency__sys,SI Dependency,updates,0,
Object.si_dependency__sys,SI Dependency,deletes,0,
Object.si_response__sys,SI Response,updates,0,
Object.si_response__sys,SI Response,deletes,0,
Object.si_response_doc__sys,SI Response-Doc,updates,0,
Object.si_response_doc__sys,SI Response-Doc,deletes,0,
Object.si_response_ref_doc__sys,SI Response-Ref-Doc,updates,0,
Object.si_response_ref_doc__sys,SI Response-Ref-Doc,deletes,0,
Object.si_section__sys,SI Section,updates,0,
Object.si_section__sys,SI Section,deletes,0,
Object.si_subchecklist__sys,SI Sub-checklist,updates,0,
Object.si_subchecklist__sys,SI Sub-checklist,deletes,0,
Object.signal_alert_rule__v,Signal Alert Rule,updates,0,
Object.signal_alert_rule__v,Signal Alert Rule,deletes,0,
Object.signal_alert_rule_set__v,Signal Alert Rule Set,updates,0,
Object.signal_alert_rule_set__v,Signal Alert Rule Set,deletes,0,
Object.signal_alert_rule_set_product_profile__v,Signal Alert Rule Set Product Profile,updates,0,
Object.signal_alert_rule_set_product_profile__v,Signal Alert Rule Set Product Profile,deletes,0,
Object.signal_calculation__v,Signal Calculation,updates,0,
Object.signal_calculation__v,Signal Calculation,deletes,0,
Object.signal_calculation_mapping__v,Signal Calculation Mapping,updates,0,
Object.signal_calculation_mapping__v,Signal Calculation Mapping,deletes,0,
Object.signal_calculation_run__v,Signal Calculation Run,updates,0,
Object.signal_calculation_run__v,Signal Calculation Run,deletes,0,
Object.signal_calculations_setting__v,Signal Calculations Setting,updates,0,
Object.signal_calculations_setting__v,Signal Calculations Setting,deletes,0,
Object.signal_case_series__v,Signal Case Series,updates,0,
Object.signal_case_series__v,Signal Case Series,deletes,0,
Object.signal_health_authority_database__v,Signal Health Authority Database,updates,0,
Object.signal_health_authority_database__v,Signal Health Authority Database,deletes,0,
Object.signal_product_profile__v,Signal Product Profile,updates,0,
Object.signal_product_profile__v,Signal Product Profile,deletes,0,
Object.signal_source__v,Signal Source,updates,0,
Object.signal_source__v,Signal Source,deletes,0,
Object.sirp_available_answer__sys,SRP Available Answer,updates,0,
Object.sirp_available_answer__sys,SRP Available Answer,deletes,0,
Object.sirp_checklist__sys,SRP Checklist,updates,0,
Object.sirp_checklist__sys,SRP Checklist,deletes,0,
Object.sirp_dependency__sys,SRP Dependency,updates,0,
Object.sirp_dependency__sys,SRP Dependency,deletes,0,
Object.sirp_response__sys,SRP Response,updates,0,
Object.sirp_response__sys,SRP Response,deletes,0,
Object.sirp_response_doc__sys,SRP Response-Doc,updates,0,
Object.sirp_response_doc__sys,SRP Response-Doc,deletes,0,
Object.sirp_response_ref_doc__sys,SRP Response-Ref-Doc,updates,0,
Object.sirp_response_ref_doc__sys,SRP Response-Ref-Doc,deletes,0,
Object.sirp_section__sys,SRP Section,updates,0,
Object.sirp_section__sys,SRP Section,deletes,0,
Object.sirp_subchecklist__sys,SRP Sub-checklist,updates,0,
Object.sirp_subchecklist__sys,SRP Sub-checklist,deletes,0,
Object.source__v,Source,updates,0,
Object.source__v,Source,deletes,0,
Object.standard_question_field_mapping__v,Standard Question Field Mapping,updates,0,
Object.standard_question_field_mapping__v,Standard Question Field Mapping,deletes,0,
Object.statistical_data__v,Statistical Data,updates,0,
Object.statistical_data__v,Statistical Data,deletes,0,
Object.study__v,Study,updates,0,
Object.study__v,Study,deletes,0,
Object.study_arm__v,Study Arm,updates,0,
Object.study_arm__v,Study Arm,deletes,0,
Object.study_arm_product__v,Study Arm Product,updates,0,
Object.study_arm_product__v,Study Arm Product,deletes,0,
Object.study_indication__v,Study Indication,updates,0,
Object.study_indication__v,Study Indication,deletes,0,
Object.study_person__v,Study Person,updates,0,
Object.study_person__v,Study Person,deletes,0,
Object.study_product__v,Study Product,updates,0,
Object.study_product__v,Study Product,deletes,0,
Object.study_product_country__v,Study Product Country,updates,0,
Object.study_product_country__v,Study Product Country,deletes,0,
Object.study_product_group__v,Study Product Group,updates,0,
Object.study_product_group__v,Study Product Group,deletes,0,
Object.study_product_placeholder__v,Study Product Placeholder,updates,0,
Object.study_product_placeholder__v,Study Product Placeholder,deletes,0,
Object.study_product_placeholder_datasheet__v,Study Product Placeholder Datasheet,updates,0,
Object.study_product_placeholder_datasheet__v,Study Product Placeholder Datasheet,deletes,0,
Object.study_product_substance__v,Study Product Substance,updates,0,
Object.study_product_substance__v,Study Product Substance,deletes,0,
Object.study_registration__v,Study Registration,updates,0,
Object.study_registration__v,Study Registration,deletes,0,
Object.study_site__v,Study Site,updates,0,
Object.study_site__v,Study Site,deletes,0,
Object.subchecklist_design__sys,Sub-Checklist Design,updates,0,
Object.subchecklist_design__sys,Sub-Checklist Design,deletes,0,
Object.substance__v,Substance,updates,0,
Object.substance__v,Substance,deletes,0,
Object.substance_alias__v,Substance Alias,updates,0,
Object.substance_alias__v,Substance Alias,deletes,0,
Object.suppressed_email_address__sys,Suppressed Email Address,updates,0,
Object.suppressed_email_address__sys,Suppressed Email Address,deletes,0,
Object.tab_group__sys,Tab Group,updates,0,
Object.tab_group__sys,Tab Group,deletes,0,
Object.tabular_data_format__v,Tabular Data Format,updates,0,
Object.tabular_data_format__v,Tabular Data Format,deletes,0,
Object.tabular_source_file__v,Tabular Source File,updates,0,
Object.tabular_source_file__v,Tabular Source File,deletes,0,
Object.test101__c,Test101,updates,0,
Object.test101__c,Test101,deletes,0,
Object.test1__c,test,updates,0,
Object.test1__c,test,deletes,0,
Object.test2__c,Test,updates,0,
Object.test2__c,Test,deletes,0,
Object.test__c,Test,updates,0,
Object.test__c,Test,deletes,0,
Object.testobect__c,TEST-OBJECT,updates,0,
Object.testobect__c,TEST-OBJECT,deletes,0,
Object.trained_model__sys,Trained Model,updates,0,
Object.trained_model__sys,Trained Model,deletes,0,
Object.trained_model_performance_metric__sys,Trained Model Performance Metric,updates,0,
Object.trained_model_performance_metric__sys,Trained Model Performance Metric,deletes,0,
Object.training_object__c,Training Object,updates,0,
Object.training_object__c,Training Object,deletes,0,
Object.training_session__c,Training session,updates,0,
Object.training_session__c,Training session,deletes,0,
Object.training_session_nr__c,Training Session NR,updates,0,
Object.training_session_nr__c,Training Session NR,deletes,0,
Object.translation_connection_language__v,Translation Connection Language,updates,0,
Object.translation_connection_language__v,Translation Connection Language,deletes,0,
Object.translation_localization__v,Translation Localization,updates,0,
Object.translation_localization__v,Translation Localization,deletes,0,
Object.translation_settings__v,Translation Settings,updates,0,
Object.translation_settings__v,Translation Settings,deletes,0,
Object.transmission__v,Transmission,updates,0,
Object.transmission__v,Transmission,deletes,0,
Object.transmission_available_answer__sys,Transmission Available Answer,updates,0,
Object.transmission_available_answer__sys,Transmission Available Answer,deletes,0,
Object.transmission_checklist__sys,Transmission Checklist,updates,0,
Object.transmission_checklist__sys,Transmission Checklist,deletes,0,
Object.transmission_dependency__sys,Transmission Dependency,updates,0,
Object.transmission_dependency__sys,Transmission Dependency,deletes,0,
Object.transmission_message__v,Transmission Message,updates,0,
Object.transmission_message__v,Transmission Message,deletes,0,
Object.transmission_output_template__v,Transmission Output Template,updates,0,
Object.transmission_output_template__v,Transmission Output Template,deletes,0,
Object.transmission_profile__v,Transmission Profile,updates,0,
Object.transmission_profile__v,Transmission Profile,deletes,0,
Object.transmission_profile_email__v,Transmission Profile Email,updates,0,
Object.transmission_profile_email__v,Transmission Profile Email,deletes,0,
Object.transmission_profile_scope__v,Transmission Profile Scope,updates,0,
Object.transmission_profile_scope__v,Transmission Profile Scope,deletes,0,
Object.transmission_response__sys,Transmission Response,updates,0,
Object.transmission_response__sys,Transmission Response,deletes,0,
Object.transmission_response_doc__sys,Transmission Response-Doc,updates,0,
Object.transmission_response_doc__sys,Transmission Response-Doc,deletes,0,
Object.transmission_response_ref_doc__sys,Transmission Response-Ref-Doc,updates,0,
Object.transmission_response_ref_doc__sys,Transmission Response-Ref-Doc,deletes,0,
Object.transmission_section__sys,Transmission Section,updates,0,
Object.transmission_section__sys,Transmission Section,deletes,0,
Object.transmission_sig__sys,Transmission Signature,updates,0,
Object.transmission_sig__sys,Transmission Signature,deletes,0,
Object.transmission_study__v,Transmission Study,updates,0,
Object.transmission_study__v,Transmission Study,deletes,0,
Object.transmission_subchecklist__sys,Transmission Sub-checklist,updates,0,
Object.transmission_subchecklist__sys,Transmission Sub-checklist,deletes,0,
Object.transmission_system_log__v,Transmission System Log,updates,0,
Object.transmission_system_log__v,Transmission System Log,deletes,0,
Object.tst__c,tst,updates,0,
Object.tst__c,tst,deletes,0,
Object.unit_of_measurement__v,Unit of Measurement,updates,0,
Object.unit_of_measurement__v,Unit of Measurement,deletes,0,
Object.user__sys,User,updates,1,Object/user__sys.csv
Object.user__sys,User,deletes,0,
Object.user_access_control__c,user access control,updates,0,
Object.user_access_control__c,user access control,deletes,0,
Object.user_access_group_assignment__v,User Access Group Assignment,updates,0,
Object.user_access_group_assignment__v,User Access Group Assignment,deletes,0,
Object.user_assignment_attributes__v,User Assignment Attributes,updates,0,
Object.user_assignment_attributes__v,User Assignment Attributes,deletes,0,
Object.user_role__sys,User Role,updates,0,
Object.user_role__sys,User Role,deletes,0,
Object.user_role_constraint__v,User Role Constraint,updates,0,
Object.user_role_constraint__v,User Role Constraint,deletes,0,
Object.user_role_setup__v,User Role Setup,updates,0,
Object.user_role_setup__v,User Role Setup,deletes,0,
Object.user_task__v,User Task,updates,0,
Object.user_task__v,User Task,deletes,0,
Object.user_team_assignment__v,User Team Assignment,updates,0,
Object.user_team_assignment__v,User Team Assignment,deletes,0,
Object.validation_criteria__v,Validation Criteria,updates,0,
Object.validation_criteria__v,Validation Criteria,deletes,0,
Object.validation_result__v,Validation Result,updates,0,
Object.validation_result__v,Validation Result,deletes,0,
Object.vault_component__v,Vault Component,updates,0,
Object.vault_component__v,Vault Component,deletes,0,
Object.vault_component_relationship__sys,Vault Component Relationship,updates,0,
Object.vault_component_relationship__sys,Vault Component Relationship,deletes,0,
Object.vault_package__v,Inbound Package,updates,0,
Object.vault_package__v,Inbound Package,deletes,0,
Object.vault_package_code__sys,Inbound Package Code,updates,0,
Object.vault_package_code__sys,Inbound Package Code,deletes,0,
Object.vault_package_component__v,Inbound Package Component,updates,0,
Object.vault_package_component__v,Inbound Package Component,deletes,0,
Object.vault_package_data__v,Inbound Package Data,updates,0,
Object.vault_package_data__v,Inbound Package Data,deletes,0,
Object.vault_package_step__v,Inbound Package Step,updates,0,
Object.vault_package_step__v,Inbound Package Step,deletes,0,
Object.veevaid_invite_vault_user_creation__sys,VeevaID invite: Vault User Creation,updates,0,
Object.veevaid_invite_vault_user_creation__sys,VeevaID invite: Vault User Creation,deletes,0,
Object.vfm_file_security_policy__v,VFM File Security Policy,updates,0,
Object.vfm_file_security_policy__v,VFM File Security Policy,deletes,0,
Object.vfm_user__sys,Vault File Manager User,updates,0,
Object.vfm_user__sys,Vault File Manager User,deletes,0,
Object.vmdl_hello_world__c,vMDL Hello World,updates,0,
Object.vmdl_hello_world__c,vMDL Hello World,deletes,0,
Object.vsdk_hello_world__c,vSDK Hello World,updates,0,
Object.vsdk_hello_world__c,vSDK Hello World,deletes,0,
Object.watchlist__v,Watchlist,updates,0,
Object.watchlist__v,Watchlist,deletes,0,
Object.watchlist_meddra_query__v,Watchlist MedDRA Query,updates,0,
Object.watchlist_meddra_query__v,Watchlist MedDRA Query,deletes,0,
Object.workbench_case_series__v,Workbench Case Series,updates,0,
Object.workbench_case_series__v,Workbench Case Series,deletes,0,
Object.workbench_dashboard__v,Workbench Dashboard,updates,0,
Object.workbench_dashboard__v,Workbench Dashboard,deletes,0,
Object.workbench_dashboard_component__v,Workbench Dashboard Component,updates,0,
Object.workbench_dashboard_component__v,Workbench Dashboard Component,deletes,0,
Object.workbench_dashboard_filter__v,Workbench Dashboard Filter,updates,0,
Object.workbench_dashboard_filter__v,Workbench Dashboard Filter,deletes,0,
Object.workbench_dashboard_tab__v,Workbench Dashboard Tab,updates,0,
Object.workbench_dashboard_tab__v,Workbench Dashboard Tab,deletes,0,
Object.workbench_report__v,Workbench Report,updates,0,
Object.workbench_report__v,Workbench Report,deletes,0,
Object.workbench_report_set__v,Workbench Report Set,updates,0,
Object.workbench_report_set__v,Workbench Report Set,deletes,0,
Object.workbench_report_set_definition__v,Workbench Report Set Definition,updates,0,
Object.workbench_report_set_definition__v,Workbench Report Set Definition,deletes,0,
Object.workbench_user_dashboard__v,Workbench User Dashboard,updates,0,
Object.workbench_user_dashboard__v,Workbench User Dashboard,deletes,0,
Object.workbench_view__v,Workbench View,updates,0,
Object.workbench_view__v,Workbench View,deletes,0,
Object.workbench_view_column__v,Workbench View Column,updates,0,
Object.workbench_view_column__v,Workbench View Column,deletes,0,
Object.workbench_view_dependency__v,Workbench View Dependency,updates,0,
Object.workbench_view_dependency__v,Workbench View Dependency,deletes,0,
Object.workbench_view_object__v,Workbench View Object,updates,0,
Object.workbench_view_object__v,Workbench View Object,deletes,0,
Object.workflow__v,Workflow,updates,0,
Object.workflow__v,Workflow,deletes,0,
Object.workflow_role_setup__v,Workflow Role Setup,updates,0,
Object.workflow_role_setup__v,Workflow Role Setup,deletes,0,
Object.workflow_variable__sys,Workflow Variable,updates,0,
Object.workflow_variable__sys,Workflow Variable,deletes,0,
Object.xml_element__v,XML Element,updates,0,
Object.xml_element__v,XML Element,deletes,0,
Picklist.picklist__sys,Picklist,updates,0,
Picklist.picklist__sys,Picklist,deletes,0,
Workflow.active_legacy_workflow__sys,Active Legacy Workflow,updates,0,
Workflow.active_legacy_workflow__sys,Active Legacy Workflow,deletes,0,
Workflow.active_legacy_workflow_task__sys,Active Legacy Workflow Task,updates,0,
Workflow.active_legacy_workflow_task__sys,Active Legacy Workflow Task,deletes,0,
Workflow.workflow__sys,Workflow,updates,0,
Workflow.workflow__sys,Workflow,deletes,0,
Workflow.workflow_item__sys,Workflow Item,updates,0,
Workflow.workflow_item__sys,Workflow Item,deletes,0,
Workflow.workflow_task__sys,Workflow Task,updates,0,
Workflow.workflow_task__sys,Workflow Task,deletes,0,
Workflow.workflow_task_item__sys,Workflow Task Item,updates,0,
Workflow.workflow_task_item__sys,Workflow Task Item,deletes,0,
